{"cameraMode":{"drawMode":0,"name":"Shaded","section":"Shading Mode"},"sceneLighting":true,"audioPlay":false,"sceneViewState":{"showFog":true,"showMaterialUpdate":false,"showSkybox":true,"showFlares":true,"showImageEffects":true,"showParticleSystems":true},"in2DMode":false,"pivot":{"x":43.78654861450195,"y":9.368216514587403,"z":-2.8950905799865724},"rotation":{"x":-0.008442206308245659,"y":-0.7138496041297913,"z":0.008543274365365506,"w":-0.7002460956573486},"size":34.612815856933597,"orthographic":false}